x_m,y_m,vx_mps
7.250020000000050313e-01,-1.249979999999982216e-01,6.000000000000000000e+00
6.250020000000049425e-01,-1.249979999999982216e-01,6.000000000000000000e+00
4.750020000000044762e-01,-1.249979999999982216e-01,6.000000000000000000e+00
3.750020000000043874e-01,-1.249979999999982216e-01,6.000000000000000000e+00
2.250020000000039766e-01,-1.249979999999982216e-01,6.000000000000000000e+00
1.250020000000038600e-01,-1.249979999999982216e-01,6.000000000000000000e+00
-2.499799999999657851e-02,-1.249979999999982216e-01,6.000000000000000000e+00
-1.249979999999966673e-01,-1.249979999999982216e-01,6.000000000000000000e+00
-2.749979999999970781e-01,-1.249979999999982216e-01,6.000000000000000000e+00
-3.749979999999971669e-01,-1.249979999999982216e-01,6.000000000000000000e+00
-5.249979999999976332e-01,-1.249979999999982216e-01,6.000000000000000000e+00
-6.249979999999977220e-01,-1.249979999999982216e-01,6.000000000000000000e+00
-7.749979999999980773e-01,-1.249979999999982216e-01,6.000000000000000000e+00
-8.749979999999981661e-01,-1.249979999999982216e-01,6.000000000000000000e+00
-1.024997999999998743e+00,-1.249979999999982216e-01,6.000000000000000000e+00
-1.124997999999998832e+00,-1.249979999999982216e-01,6.000000000000000000e+00
-1.274997999999999188e+00,-1.249979999999982216e-01,6.000000000000000000e+00
-1.374997999999999276e+00,-1.249979999999982216e-01,6.000000000000000000e+00
-1.524997999999999854e+00,-1.249979999999982216e-01,6.000000000000000000e+00
-1.624997999999999942e+00,-1.249979999999982216e-01,6.000000000000000000e+00
-1.774998000000000298e+00,-1.249979999999982216e-01,6.000000000000000000e+00
-1.924998000000000875e+00,-1.249979999999982216e-01,6.000000000000000000e+00
-2.024998000000000964e+00,-1.249979999999982216e-01,6.000000000000000000e+00
-2.124998000000001053e+00,-1.249979999999982216e-01,6.000000000000000000e+00
-2.274998000000001408e+00,-1.249979999999982216e-01,6.000000000000000000e+00
-2.374998000000001497e+00,-1.249979999999982216e-01,6.000000000000000000e+00
-2.524998000000001852e+00,-1.249979999999982216e-01,6.000000000000000000e+00
-2.624998000000001941e+00,-1.249979999999982216e-01,6.000000000000000000e+00
-2.724998000000002030e+00,-1.249979999999982216e-01,6.000000000000000000e+00
-2.824998000000003451e+00,-1.249979999999982216e-01,6.000000000000000000e+00
-2.974998000000002030e+00,-1.249979999999982216e-01,6.000000000000000000e+00
-3.074998000000003451e+00,-1.249979999999982216e-01,6.000000000000000000e+00
-3.174998000000003540e+00,-1.249979999999982216e-01,6.000000000000000000e+00
-3.274998000000003628e+00,-1.249979999999982216e-01,6.000000000000000000e+00
-3.374998000000003717e+00,-1.249979999999982216e-01,6.000000000000000000e+00
-3.524998000000003628e+00,-1.249979999999982216e-01,6.000000000000000000e+00
-3.624998000000004161e+00,-1.249979999999982216e-01,6.000000000000000000e+00
-3.774998000000004517e+00,-1.249979999999982216e-01,6.000000000000000000e+00
-3.874998000000004605e+00,-1.249979999999982216e-01,6.000000000000000000e+00
-4.024998000000005405e+00,-1.249979999999982216e-01,6.000000000000000000e+00
-4.174998000000005760e+00,-1.249979999999982216e-01,6.000000000000000000e+00
-4.324998000000006115e+00,-1.249979999999982216e-01,6.000000000000000000e+00
-4.474998000000005582e+00,-1.249979999999982216e-01,6.000000000000000000e+00
-4.574998000000007004e+00,-1.249979999999982216e-01,6.000000000000000000e+00
-4.724998000000006471e+00,-1.249979999999982216e-01,6.000000000000000000e+00
-4.824998000000007892e+00,-1.249979999999982216e-01,6.000000000000000000e+00
-4.974998000000006471e+00,-1.249979999999982216e-01,6.000000000000000000e+00
-5.074998000000007892e+00,-1.249979999999982216e-01,6.000000000000000000e+00
-5.224998000000007359e+00,-1.249979999999982216e-01,6.000000000000000000e+00
-5.324998000000007892e+00,-1.249979999999982216e-01,6.000000000000000000e+00
-5.424998000000008425e+00,-1.249979999999982216e-01,6.000000000000000000e+00
-5.574998000000008780e+00,-1.249979999999982216e-01,6.000000000000000000e+00
-5.674998000000009313e+00,-1.249979999999982216e-01,6.000000000000000000e+00
-5.824998000000009668e+00,-1.249979999999982216e-01,6.000000000000000000e+00
-5.974998000000008247e+00,-1.249979999999982216e-01,6.000000000000000000e+00
-6.074998000000009668e+00,-1.249979999999982216e-01,6.000000000000000000e+00
-6.224998000000010023e+00,-1.249979999999982216e-01,6.000000000000000000e+00
-6.324998000000011444e+00,-1.249979999999982216e-01,6.000000000000000000e+00
-6.474998000000010023e+00,-1.249979999999982216e-01,6.000000000000000000e+00
-6.574998000000010556e+00,-1.249979999999982216e-01,6.000000000000000000e+00
-6.674998000000011089e+00,-1.249979999999982216e-01,6.000000000000000000e+00
-6.824998000000011444e+00,-1.249979999999982216e-01,6.000000000000000000e+00
-6.974998000000010911e+00,-1.249979999999982216e-01,6.000000000000000000e+00
-7.074998000000011444e+00,-1.249979999999982216e-01,6.000000000000000000e+00
-7.174998000000011977e+00,-1.249979999999982216e-01,6.000000000000000000e+00
-7.324998000000013221e+00,-1.249979999999982216e-01,6.000000000000000000e+00
-7.474998000000011800e+00,-1.249979999999982216e-01,6.000000000000000000e+00
-7.574998000000013221e+00,-1.249979999999982216e-01,6.000000000000000000e+00
-7.724998000000012688e+00,-1.249979999999982216e-01,6.000000000000000000e+00
-7.824998000000013221e+00,-1.249979999999982216e-01,6.000000000000000000e+00
-7.924998000000013754e+00,-1.249979999999982216e-01,6.000000000000000000e+00
-8.024998000000014287e+00,-1.249979999999982216e-01,6.000000000000000000e+00
-8.174998000000014642e+00,-1.249979999999982216e-01,6.000000000000000000e+00
-8.324998000000014997e+00,-1.249979999999982216e-01,6.000000000000000000e+00
-8.474998000000013576e+00,-1.249979999999982216e-01,6.000000000000000000e+00
-8.574998000000014997e+00,-1.249979999999982216e-01,6.000000000000000000e+00
-8.724998000000013576e+00,-1.249979999999982216e-01,6.000000000000000000e+00
-8.824998000000016773e+00,-1.249979999999982216e-01,6.000000000000000000e+00
-8.974998000000015352e+00,-1.249979999999982216e-01,6.000000000000000000e+00
-9.074998000000016773e+00,-1.249979999999982216e-01,6.000000000000000000e+00
-9.224998000000015352e+00,-1.249979999999982216e-01,6.000000000000000000e+00
-9.324998000000016773e+00,-1.249979999999982216e-01,6.000000000000000000e+00
-9.474998000000017129e+00,-1.249979999999982216e-01,6.000000000000000000e+00
-9.624998000000017484e+00,-1.249979999999982216e-01,6.000000000000000000e+00
-9.774998000000017839e+00,-1.249979999999982216e-01,6.000000000000000000e+00
-9.924998000000018195e+00,-1.249979999999982216e-01,6.000000000000000000e+00
-1.007499800000001855e+01,-1.249979999999982216e-01,6.000000000000000000e+00
-1.022499800000001713e+01,-1.249979999999982216e-01,6.000000000000000000e+00
-1.032499800000001855e+01,-1.249979999999982216e-01,6.000000000000000000e+00
-1.042499800000001997e+01,-1.249979999999982216e-01,6.000000000000000000e+00
-1.057499800000001855e+01,-1.249979999999982216e-01,6.000000000000000000e+00
-1.067499800000001997e+01,-1.249979999999982216e-01,6.000000000000000000e+00
-1.082499800000002033e+01,-1.249979999999982216e-01,6.000000000000000000e+00
-1.097499800000002068e+01,-1.249979999999982216e-01,6.000000000000000000e+00
-1.112499800000001926e+01,-1.249979999999982216e-01,6.000000000000000000e+00
-1.122499800000002068e+01,-1.249979999999982216e-01,6.000000000000000000e+00
-1.132499800000002210e+01,-1.249979999999982216e-01,6.000000000000000000e+00
-1.147499800000002068e+01,-1.249979999999982216e-01,5.937109978190502346e+00
-1.157499800000002210e+01,-1.249979999999982216e-01,5.800799504648407101e+00
-1.172499800000002068e+01,-1.249979999999982216e-01,5.590105087843092235e+00
-1.182499800000002210e+01,-1.249979999999982216e-01,5.445114773182398338e+00
-1.197499800000002068e+01,-1.249979999999982216e-01,5.220083801351202979e+00
-1.207499800000002388e+01,-1.249979999999982216e-01,5.064511318294113273e+00
-1.222499800000002068e+01,-1.249979999999982216e-01,4.821750189830371625e+00
-1.232499800000002388e+01,-1.249979999999982216e-01,4.652878130053395012e+00
-1.247499800000002246e+01,-1.249979999999982216e-01,4.387399559320896536e+00
-1.257499800000002388e+01,-1.249979999999982216e-01,4.201104008844481541e+00
-1.272499800000002423e+01,-1.249979999999982216e-01,3.905031996428347529e+00
-1.287499800000002281e+01,-1.249979999999982216e-01,3.584588524939674059e+00
-1.297499800000002423e+01,-1.249979999999982216e-01,3.353993871957604789e+00
-1.307499800000002566e+01,-1.249979999999982216e-01,3.106328201128970345e+00
-1.322499800000002779e+01,-1.249979999999982216e-01,2.692447751234759323e+00
-1.337499800000002637e+01,-1.249979999999982216e-01,2.202106921366248304e+00
-1.347499800000002779e+01,-1.260469510489491962e-01,1.802550102406599963e+00
-1.358234065734268370e+01,-1.403826153846132185e-01,1.231444585163227856e+00
-1.370052247552450453e+01,-1.103126853146819686e-01,7.853683959236601453e-01
-1.373234065734268583e+01,1.661039160839556522e-02,1.385383319140773839e+00
-1.372499800000002956e+01,1.250020000000038600e-01,1.733691785546703112e+00
-1.372499800000002956e+01,2.250020000000039766e-01,2.001421296796883187e+00
-1.372499800000002956e+01,3.250020000000040654e-01,2.237339314290999415e+00
-1.372499800000002956e+01,4.750020000000044762e-01,2.550624866042069172e+00
-1.372499800000002956e+01,5.750020000000046760e-01,2.739650927996507335e+00
-1.372499800000002956e+01,7.250020000000050313e-01,3.000947718183728963e+00
-1.372499800000002956e+01,8.250020000000051201e-01,3.163176758777816566e+00
-1.372499800000002956e+01,9.750020000000054754e-01,3.392003420881549935e+00
-1.372499800000002956e+01,1.075002000000005786e+00,3.536338107035601475e+00
-1.372499800000002956e+01,1.225002000000006142e+00,3.742417294646889658e+00
-1.372499800000002956e+01,1.325002000000006230e+00,3.873717491928411860e+00
-1.372499800000002956e+01,1.475002000000006586e+00,4.062719188828111783e+00
-1.372499800000002956e+01,1.575002000000006674e+00,4.183979828736289264e+00
-1.372499800000002956e+01,1.725002000000007474e+00,4.359551262145240358e+00
-1.372499800000002956e+01,1.875002000000007385e+00,4.528320572493974794e+00
-1.372499800000002956e+01,1.975002000000007918e+00,4.637422474529592442e+00
-1.372499800000002956e+01,2.125002000000008273e+00,4.796424419009661655e+00
-1.372499800000002956e+01,2.275002000000008628e+00,4.950321929659946107e+00
-1.372499800000002956e+01,2.375002000000008717e+00,5.050315555217531838e+00
-1.372499800000002956e+01,2.475002000000008806e+00,5.148367431261308802e+00
-1.372499800000002956e+01,2.575002000000008895e+00,5.244586466755235321e+00
-1.372499800000002956e+01,2.725002000000009694e+00,5.031919578711627317e+00
-1.372499800000002956e+01,2.875002000000010050e+00,4.787506098859968695e+00
-1.372499800000002956e+01,2.975002000000010138e+00,4.617381795630657315e+00
-1.372499800000002956e+01,3.075002000000010227e+00,4.440744830163223078e+00
-1.372499800000002956e+01,3.225002000000010582e+00,4.161756197402893598e+00
-1.372499800000002956e+01,3.375002000000010938e+00,3.862669368017586979e+00
-1.372499800000002956e+01,3.475002000000011027e+00,3.649686924466450932e+00
-1.372499800000002956e+01,3.575002000000011115e+00,3.423479903054986728e+00
-1.372499800000002956e+01,3.725002000000011027e+00,3.052902659211620406e+00
-1.372499800000002956e+01,3.825002000000011559e+00,2.778527424126199907e+00
-1.372499800000002956e+01,3.975002000000011471e+00,2.306559049021155605e+00
-1.372080219580422522e+01,4.075002000000012004e+00,1.928420826506610508e+00
-1.373012620512823467e+01,4.175002000000011648e+00,2.173279626476681603e+00
-1.373478820979023851e+01,4.275002000000013069e+00,2.392536407120863018e+00
-1.373478820979023851e+01,4.375002000000013602e+00,2.593112118555388257e+00
-1.373012620512823467e+01,4.475002000000013247e+00,2.307757960729663438e+00
-1.372080219580422522e+01,4.575002000000013780e+00,1.928420826506606733e+00
-1.372499800000002956e+01,4.675002000000012536e+00,2.172484001247763530e+00
-1.372499800000002956e+01,4.775002000000013958e+00,2.391586656526897947e+00
-1.372499800000002956e+01,4.925002000000013425e+00,2.686947475422156728e+00
-1.372499800000002956e+01,5.025002000000014846e+00,2.866999605105922555e+00
-1.372499800000002956e+01,5.175002000000013425e+00,3.117641213430035307e+00
-1.372499800000002956e+01,5.275002000000014846e+00,3.274093269239212844e+00
-1.372499800000002956e+01,5.425002000000014313e+00,3.495666851357193128e+00
-1.372499800000002956e+01,5.525002000000015734e+00,3.635888713324092691e+00
-1.372499800000002956e+01,5.625002000000016267e+00,3.770899990145261338e+00
-1.372499800000002956e+01,5.775002000000016622e+00,3.964806014886168128e+00
-1.372499800000002956e+01,5.925002000000015201e+00,4.149661038648520872e+00
-1.372499800000002956e+01,6.025002000000016622e+00,4.268452498936532891e+00
-1.372499800000002956e+01,6.125002000000017155e+00,4.384026315577671973e+00
-1.372499800000002956e+01,6.275002000000017510e+00,4.551888260456043334e+00
-1.372499800000002956e+01,6.425002000000016977e+00,4.713776271279487062e+00
-1.372499800000002956e+01,6.525002000000018398e+00,4.818681016178343768e+00
-1.372499800000002956e+01,6.675002000000016977e+00,4.971889654414862747e+00
-1.372499800000002956e+01,6.775002000000018398e+00,5.071458048301056287e+00
-1.372499800000002956e+01,6.925002000000016977e+00,5.194077850412347708e+00
-1.372499800000002956e+01,7.025002000000018398e+00,5.037702325082748622e+00
-1.372499800000002956e+01,7.175002000000018754e+00,4.793583702841134553e+00
-1.372499800000002956e+01,7.275002000000020175e+00,4.623683025050928208e+00
-1.372499800000002956e+01,7.425002000000018754e+00,4.356425681237328540e+00
-1.372499800000002956e+01,7.525002000000020175e+00,4.168746180345368479e+00
-1.372499800000002956e+01,7.675002000000019642e+00,3.870199570583423121e+00
-1.372499800000002956e+01,7.775002000000020175e+00,3.657655631158311493e+00
-1.372499800000002956e+01,7.925002000000018754e+00,3.313373615538116379e+00
-1.372499800000002956e+01,8.025002000000021951e+00,3.062424646606684675e+00
-1.372499800000002956e+01,8.175002000000020530e+00,2.641674604515874325e+00
-1.372499800000002956e+01,8.275002000000021951e+00,2.319147411473466036e+00
-1.372919380419583391e+01,8.425002000000020530e+00,1.725545125029970039e+00
-1.373035930536133442e+01,8.532344657342678218e+00,1.122462572262211911e+00
-1.367033599533802324e+01,8.650526475524499048e+00,9.025097476242830430e-01
-1.352919380419583106e+01,8.682344657342682126e+00,1.463095528381462396e+00
-1.342499800000002708e+01,8.675002000000025859e+00,1.784710212058170820e+00
-1.332499800000002566e+01,8.675002000000025859e+00,2.045773824503758664e+00
-1.317499800000002530e+01,8.675002000000025859e+00,2.384363760214606831e+00
-1.302499800000002494e+01,8.675002000000025859e+00,2.680520572766555532e+00
-1.287499800000002281e+01,8.675002000000025859e+00,2.947064733090327682e+00
-1.272499800000002423e+01,8.675002000000025859e+00,3.191424531619814431e+00
-1.262499800000002281e+01,8.675002000000025859e+00,3.344426788109550852e+00
-1.247499800000002246e+01,8.675002000000025859e+00,3.561627512953140062e+00
-1.232499800000002388e+01,8.675002000000025859e+00,3.766323212501120121e+00
-1.222499800000002068e+01,8.675002000000025859e+00,3.896818002040227213e+00
-1.207499800000002388e+01,8.675002000000025859e+00,4.084750976623269914e+00
-1.197499800000002068e+01,8.675002000000025859e+00,4.205376385179427245e+00
-1.182499800000002210e+01,8.675002000000025859e+00,4.380090243479553891e+00
-1.172499800000002068e+01,8.675002000000025859e+00,4.492793178082515659e+00
-1.157499800000002210e+01,8.675002000000025859e+00,4.656736039440583674e+00
-1.147499800000002068e+01,8.675002000000025859e+00,4.762897284324404623e+00
-1.137499800000001926e+01,8.675002000000025859e+00,4.866743319821254410e+00
-1.122499800000002068e+01,8.675002000000025859e+00,5.018484885005113583e+00
-1.112499800000001926e+01,8.675002000000025859e+00,5.117146718731524047e+00
-1.097499800000002068e+01,8.675002000000025859e+00,5.261671838971411219e+00
-1.087499800000001926e+01,8.675002000000025859e+00,5.355855724440755417e+00
-1.072499800000001891e+01,8.675002000000025859e+00,5.494105071895223347e+00
-1.057499800000001855e+01,8.675002000000025859e+00,5.628959987513218799e+00
-1.047499800000001713e+01,8.675002000000025859e+00,5.717096338266903111e+00
-1.032499800000001855e+01,8.675002000000025859e+00,5.846810287757318036e+00
-1.022499800000001713e+01,8.675002000000025859e+00,5.931710591475685135e+00
-1.007499800000001855e+01,8.675002000000025859e+00,6.000000000000000000e+00
-9.974998000000017129e+00,8.675002000000025859e+00,6.000000000000000000e+00
-9.824998000000018550e+00,8.675002000000025859e+00,6.000000000000000000e+00
-9.724998000000017129e+00,8.675002000000025859e+00,6.000000000000000000e+00
-9.574998000000016773e+00,8.675002000000025859e+00,6.000000000000000000e+00
-9.424998000000016418e+00,8.675002000000025859e+00,6.000000000000000000e+00
-9.274998000000016063e+00,8.675002000000025859e+00,6.000000000000000000e+00
-9.124998000000015708e+00,8.675002000000025859e+00,6.000000000000000000e+00
-8.974998000000015352e+00,8.675002000000025859e+00,6.000000000000000000e+00
-8.824998000000016773e+00,8.675002000000025859e+00,6.000000000000000000e+00
-8.724998000000013576e+00,8.675002000000025859e+00,6.000000000000000000e+00
-8.574998000000014997e+00,8.675002000000025859e+00,6.000000000000000000e+00
-8.474998000000013576e+00,8.675002000000025859e+00,6.000000000000000000e+00
-8.324998000000014997e+00,8.675002000000025859e+00,6.000000000000000000e+00
-8.224998000000013576e+00,8.675002000000025859e+00,6.000000000000000000e+00
-8.074998000000014997e+00,8.675002000000025859e+00,6.000000000000000000e+00
-7.974998000000013576e+00,8.675002000000025859e+00,6.000000000000000000e+00
-7.824998000000013221e+00,8.675002000000025859e+00,6.000000000000000000e+00
-7.724998000000012688e+00,8.675002000000025859e+00,6.000000000000000000e+00
-7.624998000000012155e+00,8.675002000000025859e+00,6.000000000000000000e+00
-7.474998000000011800e+00,8.675002000000025859e+00,6.000000000000000000e+00
-7.374998000000011267e+00,8.675002000000025859e+00,6.000000000000000000e+00
-7.224998000000011800e+00,8.675002000000025859e+00,6.000000000000000000e+00
-7.074998000000011444e+00,8.675002000000025859e+00,6.000000000000000000e+00
-6.974998000000010911e+00,8.675002000000025859e+00,6.000000000000000000e+00
-6.874998000000010379e+00,8.675002000000025859e+00,6.000000000000000000e+00
-6.724998000000010023e+00,8.675002000000025859e+00,6.000000000000000000e+00
-6.574998000000010556e+00,8.675002000000025859e+00,6.000000000000000000e+00
-6.474998000000010023e+00,8.675002000000025859e+00,6.000000000000000000e+00
-6.324998000000011444e+00,8.675002000000025859e+00,6.000000000000000000e+00
-6.224998000000010023e+00,8.675002000000025859e+00,6.000000000000000000e+00
-6.124998000000009490e+00,8.675002000000025859e+00,6.000000000000000000e+00
-6.024998000000008957e+00,8.675002000000025859e+00,6.000000000000000000e+00
-5.874998000000008602e+00,8.675002000000025859e+00,6.000000000000000000e+00
-5.724998000000008247e+00,8.675002000000025859e+00,6.000000000000000000e+00
-5.574998000000008780e+00,8.675002000000025859e+00,6.000000000000000000e+00
-5.474998000000007359e+00,8.675002000000025859e+00,6.000000000000000000e+00
-5.324998000000007892e+00,8.675002000000025859e+00,6.000000000000000000e+00
-5.224998000000007359e+00,8.675002000000025859e+00,6.000000000000000000e+00
-5.124998000000006826e+00,8.675002000000025859e+00,6.000000000000000000e+00
-4.974998000000006471e+00,8.675002000000025859e+00,6.000000000000000000e+00
-4.824998000000007892e+00,8.675002000000025859e+00,6.000000000000000000e+00
-4.724998000000006471e+00,8.675002000000025859e+00,6.000000000000000000e+00
-4.624998000000005938e+00,8.675002000000025859e+00,6.000000000000000000e+00
-4.474998000000005582e+00,8.675002000000025859e+00,6.000000000000000000e+00
-4.324998000000006115e+00,8.675002000000025859e+00,6.000000000000000000e+00
-4.224998000000004694e+00,8.675002000000025859e+00,6.000000000000000000e+00
-4.074998000000006115e+00,8.675002000000025859e+00,6.000000000000000000e+00
-3.974998000000004250e+00,8.675002000000025859e+00,6.000000000000000000e+00
-3.824998000000005227e+00,8.675002000000025859e+00,6.000000000000000000e+00
-3.724998000000003806e+00,8.675002000000025859e+00,6.000000000000000000e+00
-3.574998000000004783e+00,8.675002000000025859e+00,6.000000000000000000e+00
-3.474998000000003362e+00,8.675002000000025859e+00,6.000000000000000000e+00
-3.324998000000004339e+00,8.675002000000025859e+00,6.000000000000000000e+00
-3.224998000000002918e+00,8.675002000000025859e+00,6.000000000000000000e+00
-3.074998000000003451e+00,8.675002000000025859e+00,6.000000000000000000e+00
-2.974998000000002030e+00,8.675002000000025859e+00,6.000000000000000000e+00
-2.824998000000003451e+00,8.675002000000025859e+00,6.000000000000000000e+00
-2.724998000000002030e+00,8.675002000000025859e+00,6.000000000000000000e+00
-2.624998000000001941e+00,8.675002000000025859e+00,6.000000000000000000e+00
-2.524998000000001852e+00,8.675002000000025859e+00,6.000000000000000000e+00
-2.424998000000001763e+00,8.675002000000025859e+00,6.000000000000000000e+00
-2.274998000000001408e+00,8.675002000000025859e+00,6.000000000000000000e+00
-2.174998000000001319e+00,8.675002000000025859e+00,6.000000000000000000e+00
-2.074998000000001230e+00,8.675002000000025859e+00,6.000000000000000000e+00
-1.974998000000000253e+00,8.675002000000025859e+00,6.000000000000000000e+00
-1.874998000000000165e+00,8.675002000000025859e+00,6.000000000000000000e+00
-1.724997999999999809e+00,8.675002000000025859e+00,6.000000000000000000e+00
-1.574998000000000342e+00,8.675002000000025859e+00,6.000000000000000000e+00
-1.474997999999999143e+00,8.675002000000025859e+00,6.000000000000000000e+00
-1.324997999999999898e+00,8.675002000000025859e+00,6.000000000000000000e+00
-1.224997999999998477e+00,8.675002000000025859e+00,6.000000000000000000e+00
-1.074997999999999454e+00,8.675002000000025859e+00,6.000000000000000000e+00
-9.749979999999980329e-01,8.675002000000025859e+00,6.000000000000000000e+00
-8.249979999999987879e-01,8.675002000000025859e+00,6.000000000000000000e+00
-7.249979999999974778e-01,8.675002000000025859e+00,6.000000000000000000e+00
-5.749979999999983438e-01,8.675002000000025859e+00,6.000000000000000000e+00
-4.749979999999969227e-01,8.675002000000025859e+00,6.000000000000000000e+00
-3.249979999999977887e-01,8.675002000000025859e+00,6.000000000000000000e+00
-2.249979999999964231e-01,8.675002000000025859e+00,6.000000000000000000e+00
-7.499799999999726130e-02,8.675002000000025859e+00,6.000000000000000000e+00
2.500200000000410080e-02,8.675002000000025859e+00,6.000000000000000000e+00
1.750020000000032661e-01,8.675002000000025859e+00,6.000000000000000000e+00
2.750020000000046316e-01,8.675002000000025859e+00,6.000000000000000000e+00
4.250020000000038212e-01,8.675002000000025859e+00,6.000000000000000000e+00
5.250020000000051867e-01,8.675002000000025859e+00,6.000000000000000000e+00
6.750020000000044318e-01,8.675002000000025859e+00,6.000000000000000000e+00
7.750020000000057419e-01,8.675002000000025859e+00,6.000000000000000000e+00
9.250020000000049869e-01,8.675002000000025859e+00,6.000000000000000000e+00
1.025002000000006186e+00,8.675002000000025859e+00,6.000000000000000000e+00
1.175002000000005431e+00,8.675002000000025859e+00,6.000000000000000000e+00
1.275002000000006852e+00,8.675002000000025859e+00,6.000000000000000000e+00
1.425002000000005875e+00,8.675002000000025859e+00,6.000000000000000000e+00
1.525002000000007296e+00,8.675002000000025859e+00,6.000000000000000000e+00
1.675002000000006319e+00,8.675002000000025859e+00,6.000000000000000000e+00
1.775002000000007740e+00,8.675002000000025859e+00,6.000000000000000000e+00
1.925002000000007207e+00,8.675002000000025859e+00,6.000000000000000000e+00
2.025002000000008628e+00,8.675002000000025859e+00,6.000000000000000000e+00
2.175002000000007651e+00,8.675002000000025859e+00,6.000000000000000000e+00
2.275002000000008628e+00,8.675002000000025859e+00,6.000000000000000000e+00
2.375002000000008717e+00,8.675002000000025859e+00,6.000000000000000000e+00
2.475002000000008806e+00,8.675002000000025859e+00,6.000000000000000000e+00
2.575002000000008895e+00,8.675002000000025859e+00,6.000000000000000000e+00
2.725002000000009694e+00,8.675002000000025859e+00,6.000000000000000000e+00
2.875002000000010050e+00,8.675002000000025859e+00,6.000000000000000000e+00
2.975002000000010138e+00,8.675002000000025859e+00,6.000000000000000000e+00
3.075002000000010227e+00,8.675002000000025859e+00,6.000000000000000000e+00
3.225002000000010582e+00,8.675002000000025859e+00,6.000000000000000000e+00
3.375002000000010938e+00,8.675002000000025859e+00,6.000000000000000000e+00
3.475002000000011027e+00,8.675002000000025859e+00,6.000000000000000000e+00
3.575002000000011115e+00,8.675002000000025859e+00,6.000000000000000000e+00
3.725002000000011027e+00,8.675002000000025859e+00,6.000000000000000000e+00
3.825002000000011559e+00,8.675002000000025859e+00,6.000000000000000000e+00
3.975002000000011471e+00,8.675002000000025859e+00,6.000000000000000000e+00
4.075002000000012004e+00,8.675002000000025859e+00,6.000000000000000000e+00
4.225002000000012359e+00,8.675002000000025859e+00,6.000000000000000000e+00
4.375002000000013602e+00,8.675002000000025859e+00,6.000000000000000000e+00
4.525002000000013958e+00,8.675002000000025859e+00,6.000000000000000000e+00
4.675002000000012536e+00,8.675002000000025859e+00,6.000000000000000000e+00
4.775002000000013958e+00,8.675002000000025859e+00,6.000000000000000000e+00
4.925002000000013425e+00,8.675002000000025859e+00,6.000000000000000000e+00
5.025002000000014846e+00,8.675002000000025859e+00,6.000000000000000000e+00
5.175002000000013425e+00,8.675002000000025859e+00,6.000000000000000000e+00
5.275002000000014846e+00,8.675002000000025859e+00,6.000000000000000000e+00
5.425002000000014313e+00,8.675002000000025859e+00,6.000000000000000000e+00
5.525002000000015734e+00,8.675002000000025859e+00,6.000000000000000000e+00
5.625002000000016267e+00,8.675002000000025859e+00,6.000000000000000000e+00
5.775002000000016622e+00,8.675002000000025859e+00,6.000000000000000000e+00
5.925002000000015201e+00,8.675002000000025859e+00,6.000000000000000000e+00
6.025002000000016622e+00,8.675002000000025859e+00,6.000000000000000000e+00
6.125002000000017155e+00,8.675002000000025859e+00,6.000000000000000000e+00
6.275002000000017510e+00,8.675002000000025859e+00,6.000000000000000000e+00
6.425002000000016977e+00,8.675002000000025859e+00,6.000000000000000000e+00
6.525002000000018398e+00,8.675002000000025859e+00,6.000000000000000000e+00
6.675002000000016977e+00,8.675002000000025859e+00,6.000000000000000000e+00
6.775002000000018398e+00,8.675002000000025859e+00,6.000000000000000000e+00
6.925002000000016977e+00,8.675002000000025859e+00,6.000000000000000000e+00
7.025002000000018398e+00,8.675002000000025859e+00,6.000000000000000000e+00
7.175002000000018754e+00,8.675002000000025859e+00,6.000000000000000000e+00
7.275002000000020175e+00,8.675002000000025859e+00,6.000000000000000000e+00
7.425002000000018754e+00,8.675002000000025859e+00,5.952670526337811019e+00
7.525002000000020175e+00,8.675002000000025859e+00,5.816724713713968598e+00
7.675002000000019642e+00,8.675002000000025859e+00,5.606628790559515352e+00
7.775002000000020175e+00,8.675002000000025859e+00,5.462077113619950630e+00
7.925002000000018754e+00,8.675002000000025859e+00,5.237774946972318268e+00
8.025002000000021951e+00,8.675002000000025859e+00,5.082743982843402897e+00
8.175002000000020530e+00,8.675002000000025859e+00,4.840897271697762072e+00
8.275002000000021951e+00,8.675002000000025859e+00,4.672717238944682272e+00
8.425002000000020530e+00,8.675002000000025859e+00,4.408433553443994235e+00
8.525002000000021951e+00,8.675002000000025859e+00,4.223065994645456733e+00
8.625002000000023372e+00,8.675002000000025859e+00,4.029179369937605060e+00
8.775002000000021951e+00,8.675002000000025859e+00,3.719447055024553084e+00
8.925002000000022306e+00,8.675002000000025859e+00,3.381462168224097731e+00
9.025002000000023727e+00,8.675002000000025859e+00,3.135966580678243520e+00
9.175002000000024083e+00,8.675002000000025859e+00,2.726588783650880643e+00
9.325002000000022662e+00,8.675002000000025859e+00,2.243721550266612574e+00
9.425002000000024083e+00,8.679197804195830201e+00,1.852802912512245159e+00
9.529197804195829846e+00,8.680363305361330717e+00,1.328774425302052808e+00
9.630363305361330006e+00,8.650526475524499048e+00,1.018388164019184972e+00
9.700526475524499759e+00,8.580363305361327519e+00,1.018388164019192299e+00
9.730363305361329651e+00,8.479197804195825583e+00,1.328774425302059248e+00
9.729197804195827359e+00,8.375002000000021596e+00,1.675608754418811630e+00
9.725002000000024793e+00,8.275002000000021951e+00,1.951549269031668032e+00
9.725002000000024793e+00,8.175002000000020530e+00,2.192839380679317163e+00
9.725002000000024793e+00,8.025002000000021951e+00,2.511681617852477011e+00
9.725002000000024793e+00,7.925002000000018754e+00,2.703431994605758337e+00
9.725002000000024793e+00,7.775002000000020175e+00,2.967919228930945064e+00
9.725002000000024793e+00,7.675002000000019642e+00,3.131859599256975102e+00
9.725002000000024793e+00,7.575002000000019109e+00,3.287635099803210448e+00
9.725002000000024793e+00,7.425002000000018754e+00,3.508353538265217342e+00
9.725002000000024793e+00,7.275002000000020175e+00,3.166429951476925631e+00
9.725002000000024793e+00,7.175002000000018754e+00,2.902805304806050035e+00
9.725002000000024793e+00,7.075002000000018221e+00,2.612714802195244879e+00
9.729197804195827359e+00,6.925002000000016977e+00,2.103649186528189663e+00
9.721971696969720966e+00,6.821855146853164520e+00,1.664615667507816310e+00
9.685025310023334555e+00,6.694815519813538174e+00,2.023357610777693605e+00
9.663813188811214872e+00,6.573020648018665923e+00,1.573487250874522347e+00
9.679197804195831978e+00,6.425002000000016977e+00,1.990985255203239879e+00
9.675002000000027635e+00,6.325002000000016444e+00,2.228206035807684504e+00
9.675002000000027635e+00,6.175002000000016089e+00,2.542617182748869720e+00
9.675002000000027635e+00,6.025002000000016622e+00,2.822215820593775071e+00
9.675002000000027635e+00,5.925002000000015201e+00,2.994144642132341883e+00
9.675002000000027635e+00,5.775002000000016622e+00,3.234950098225596538e+00
9.675002000000027635e+00,5.675002000000015201e+00,3.385986139665933425e+00
9.675002000000027635e+00,5.525002000000015734e+00,3.600680788130184329e+00
9.675002000000027635e+00,5.425002000000014313e+00,3.736964294452091551e+00
9.675002000000027635e+00,5.275002000000014846e+00,3.932543977886301168e+00
9.675002000000027635e+00,5.175002000000013425e+00,4.057696654262098690e+00
9.675002000000027635e+00,5.025002000000014846e+00,4.238502346113520503e+00
9.675002000000027635e+00,4.925002000000013425e+00,4.354871081675074862e+00
9.675002000000027635e+00,4.775002000000013958e+00,4.523814998207799754e+00
9.675002000000027635e+00,4.675002000000012536e+00,4.633023002102390819e+00
9.675002000000027635e+00,4.525002000000013958e+00,4.792170921201562628e+00
9.675002000000027635e+00,4.425002000000011648e+00,4.895396014421086406e+00
9.675002000000027635e+00,4.275002000000013069e+00,5.046276066369124180e+00
9.675002000000027635e+00,4.175002000000011648e+00,5.144404935268009460e+00
9.675002000000027635e+00,4.025002000000013069e+00,5.288185145965469403e+00
9.675002000000027635e+00,3.925002000000011204e+00,5.381905065867462312e+00
9.675002000000027635e+00,3.775002000000012181e+00,5.519501982788831640e+00
9.675002000000027635e+00,3.675002000000010760e+00,5.609358442639394760e+00
9.675002000000027635e+00,3.525002000000011293e+00,5.741506957063610805e+00
9.675002000000027635e+00,3.425002000000010760e+00,5.827941500908347727e+00
9.675002000000027635e+00,3.325002000000010227e+00,5.787654956666521855e+00
9.675002000000027635e+00,3.175002000000009872e+00,5.576463924157184948e+00
9.675002000000027635e+00,3.025002000000010405e+00,5.356953415648352923e+00
9.675002000000027635e+00,2.925002000000008984e+00,5.205473071434193244e+00
9.675002000000027635e+00,2.775002000000009961e+00,4.969602589486060040e+00
9.675002000000027635e+00,2.675002000000008540e+00,4.805928619676589797e+00
9.675002000000027635e+00,2.525002000000009517e+00,4.549390057735932302e+00
9.675002000000027635e+00,2.425002000000008096e+00,4.370005709083974565e+00
9.675002000000027635e+00,2.275002000000008628e+00,4.086190144551100190e+00
9.675002000000027635e+00,2.175002000000007651e+00,3.885479365204057345e+00
9.675002000000027635e+00,2.075002000000007563e+00,3.673819524340645071e+00
9.675002000000027635e+00,1.925002000000007207e+00,3.331208474026583488e+00
9.675002000000027635e+00,1.775002000000007740e+00,2.949059154616354483e+00
9.675002000000027635e+00,1.675002000000006319e+00,2.664010115864146933e+00
9.675002000000027635e+00,1.525002000000007296e+00,2.167244770999925851e+00
9.671855146853173935e+00,1.425002000000005875e+00,1.759590258747061320e+00
9.685025310023336331e+00,1.325002000000006230e+00,2.026028937039867195e+00
9.705188480186505373e+00,1.225002000000006142e+00,2.263828265180817478e+00
9.723020648018671608e+00,1.125002000000006053e+00,2.096980483668071216e+00
9.729197804195827359e+00,1.025002000000006186e+00,2.198612891917261614e+00
9.725002000000024793e+00,9.250020000000049869e-01,2.415528617110109355e+00
9.725002000000024793e+00,7.750020000000057419e-01,2.708279619994558463e+00
9.725002000000024793e+00,6.750020000000044318e-01,2.887001645319566379e+00
9.725002000000024793e+00,5.250020000000051867e-01,3.126732772930220339e+00
9.725002000000024793e+00,4.250020000000038212e-01,2.859450617394167171e+00
9.725002000000024793e+00,2.750020000000046316e-01,2.403426269581801833e+00
9.725002000000024793e+00,1.750020000000032661e-01,2.043638381249450298e+00
9.732344657342682837e+00,7.080619580419954262e-02,1.582779393329357909e+00
9.720339995338019179e+00,-3.035930536130210244e-02,9.355139207575221549e-01
9.630363305361330006e+00,-1.203359953379929959e-01,9.355139207575001725e-01
9.529197804195829846e+00,-1.323406573426555988e-01,1.376204559991588194e+00
9.425002000000024083e+00,-1.249979999999982216e-01,1.714199815306415964e+00
9.325002000000022662e+00,-1.249979999999982216e-01,1.984560658381739895e+00
9.175002000000024083e+00,-1.249979999999982216e-01,2.332055103722154854e+00
9.075002000000022662e+00,-1.249979999999982216e-01,2.537416206852270317e+00
8.925002000000022306e+00,-1.249979999999982216e-01,2.817531012570503535e+00
8.775002000000021951e+00,-1.249979999999982216e-01,3.072211094113907137e+00
8.625002000000023372e+00,-1.249979999999982216e-01,3.307337449791985851e+00
8.525002000000021951e+00,-1.249979999999982216e-01,3.455210703675908768e+00
8.425002000000020530e+00,-1.249979999999982216e-01,3.597010009271114583e+00
8.275002000000021951e+00,-1.249979999999982216e-01,3.799800127216768519e+00
8.175002000000020530e+00,-1.249979999999982216e-01,3.929183249327598215e+00
8.025002000000021951e+00,-1.249979999999982216e-01,4.115638590400834573e+00
7.925002000000018754e+00,-1.249979999999982216e-01,4.235384398941446804e+00
7.775002000000020175e+00,-1.249979999999982216e-01,4.408909276317282355e+00
7.675002000000019642e+00,-1.249979999999982216e-01,4.520893828303932160e+00
7.575002000000019109e+00,-1.249979999999982216e-01,4.630170731927343297e+00
7.425002000000018754e+00,-1.249979999999982216e-01,4.789413430347874367e+00
7.275002000000020175e+00,-1.249979999999982216e-01,4.943529205617842592e+00
7.175002000000018754e+00,-1.249979999999982216e-01,5.043657502923507785e+00
7.075002000000018221e+00,-1.249979999999982216e-01,5.141836345781203299e+00
6.925002000000016977e+00,-1.249979999999982216e-01,5.285686427210434246e+00
6.775002000000018398e+00,-1.249979999999982216e-01,5.425724007613784927e+00
6.675002000000016977e+00,-1.249979999999982216e-01,5.517108029284599979e+00
6.525002000000018398e+00,-1.249979999999982216e-01,5.651414071433501718e+00
6.425002000000016977e+00,-1.249979999999982216e-01,5.739205607642629658e+00
6.325002000000016444e+00,-1.249979999999982216e-01,5.825674296319406587e+00
6.175002000000016089e+00,-1.249979999999982216e-01,5.953022846151072578e+00
6.025002000000016622e+00,-1.249979999999982216e-01,6.000000000000000000e+00
5.925002000000015201e+00,-1.249979999999982216e-01,6.000000000000000000e+00
5.775002000000016622e+00,-1.249979999999982216e-01,6.000000000000000000e+00
5.675002000000015201e+00,-1.249979999999982216e-01,6.000000000000000000e+00
5.525002000000015734e+00,-1.249979999999982216e-01,6.000000000000000000e+00
5.425002000000014313e+00,-1.249979999999982216e-01,6.000000000000000000e+00
5.275002000000014846e+00,-1.249979999999982216e-01,6.000000000000000000e+00
5.175002000000013425e+00,-1.249979999999982216e-01,6.000000000000000000e+00
5.025002000000014846e+00,-1.249979999999982216e-01,6.000000000000000000e+00
4.925002000000013425e+00,-1.249979999999982216e-01,6.000000000000000000e+00
4.775002000000013958e+00,-1.249979999999982216e-01,6.000000000000000000e+00
4.675002000000012536e+00,-1.249979999999982216e-01,6.000000000000000000e+00
4.525002000000013958e+00,-1.249979999999982216e-01,6.000000000000000000e+00
4.425002000000011648e+00,-1.249979999999982216e-01,6.000000000000000000e+00
4.275002000000013069e+00,-1.249979999999982216e-01,6.000000000000000000e+00
4.175002000000011648e+00,-1.249979999999982216e-01,6.000000000000000000e+00
4.025002000000013069e+00,-1.249979999999982216e-01,6.000000000000000000e+00
3.925002000000011204e+00,-1.249979999999982216e-01,6.000000000000000000e+00
3.775002000000012181e+00,-1.249979999999982216e-01,6.000000000000000000e+00
3.675002000000010760e+00,-1.249979999999982216e-01,6.000000000000000000e+00
3.525002000000011293e+00,-1.249979999999982216e-01,6.000000000000000000e+00
3.425002000000010760e+00,-1.249979999999982216e-01,6.000000000000000000e+00
3.325002000000010227e+00,-1.249979999999982216e-01,6.000000000000000000e+00
3.175002000000009872e+00,-1.249979999999982216e-01,6.000000000000000000e+00
3.025002000000010405e+00,-1.249979999999982216e-01,6.000000000000000000e+00
2.925002000000008984e+00,-1.249979999999982216e-01,6.000000000000000000e+00
2.775002000000009961e+00,-1.249979999999982216e-01,6.000000000000000000e+00
2.675002000000008540e+00,-1.249979999999982216e-01,6.000000000000000000e+00
2.525002000000009517e+00,-1.249979999999982216e-01,6.000000000000000000e+00
2.425002000000008096e+00,-1.249979999999982216e-01,6.000000000000000000e+00
2.275002000000008628e+00,-1.249979999999982216e-01,6.000000000000000000e+00
2.175002000000007651e+00,-1.249979999999982216e-01,6.000000000000000000e+00
2.075002000000007563e+00,-1.249979999999982216e-01,6.000000000000000000e+00
1.925002000000007207e+00,-1.249979999999982216e-01,6.000000000000000000e+00
1.775002000000007740e+00,-1.249979999999982216e-01,6.000000000000000000e+00
1.675002000000006319e+00,-1.249979999999982216e-01,6.000000000000000000e+00
1.525002000000007296e+00,-1.249979999999982216e-01,6.000000000000000000e+00
1.425002000000005875e+00,-1.249979999999982216e-01,6.000000000000000000e+00
1.275002000000006852e+00,-1.249979999999982216e-01,6.000000000000000000e+00
1.175002000000005431e+00,-1.249979999999982216e-01,6.000000000000000000e+00
1.025002000000006186e+00,-1.249979999999982216e-01,6.000000000000000000e+00
9.250020000000049869e-01,-1.249979999999982216e-01,6.000000000000000000e+00
7.750020000000057419e-01,-1.249979999999982216e-01,6.000000000000000000e+00
